<?xml version="1.0" encoding="UTF-8"?>
<project default="generate" name="com.unitn.it.iqtool.generator">
    <property name="ECLIPSE_HOME" value="../../../Desktop/eclipse-modeling-kepler-SR2-win32-x86_64/eclipse"/>
    <property name="ECLIPSE_WORKSPACE" value="../.."/>

    <!-- The classpath with only the dependencies used by the project -->
    <path id="com.unitn.it.iqtool.generator.libraryclasspath">
        <pathelement location="${ECLIPSE_WORKSPACE}/com.unitn.it.iqtool.generator/bin"/>
        <pathelement location="${ECLIPSE_HOME}/plugins/org.eclipse.core.runtime_3.9.100.v20131218-1515.jar"/>
        <pathelement location="${ECLIPSE_HOME}/plugins/javax.annotation_1.1.0.v201209060031.jar"/>
        <pathelement location="${ECLIPSE_HOME}/plugins/javax.inject_1.0.0.v20091030.jar"/>
        <pathelement location="${ECLIPSE_HOME}/plugins/org.eclipse.osgi_3.9.1.v20140110-1610.jar"/>
        <pathelement location="${ECLIPSE_HOME}/plugins/org.eclipse.equinox.common_3.6.200.v20130402-1505.jar"/>
        <pathelement location="${ECLIPSE_HOME}/plugins/org.eclipse.core.jobs_3.5.300.v20130429-1813.jar"/>
        <pathelement location="${ECLIPSE_HOME}/plugins/org.eclipse.core.runtime.compatibility.registry_3.5.200.v20130514-1256/runtime_registry_compatibility.jar"/>
        <pathelement location="${ECLIPSE_HOME}/plugins/org.eclipse.equinox.registry_3.5.301.v20130717-1549.jar"/>
        <pathelement location="${ECLIPSE_HOME}/plugins/org.eclipse.equinox.preferences_3.5.100.v20130422-1538.jar"/>
        <pathelement location="${ECLIPSE_HOME}/plugins/org.eclipse.core.contenttype_3.4.200.v20130326-1255.jar"/>
        <pathelement location="${ECLIPSE_HOME}/plugins/org.eclipse.equinox.app_1.3.100.v20130327-1442.jar"/>
        <pathelement location="${ECLIPSE_HOME}/plugins/org.eclipse.emf.ecore_2.10.1.v20140901-1043.jar"/>
        <pathelement location="${ECLIPSE_HOME}/plugins/org.eclipse.emf.common_2.10.1.v20140901-1043.jar"/>
        <pathelement location="${ECLIPSE_HOME}/plugins/org.eclipse.emf.ecore.xmi_2.10.1.v20140901-1043.jar"/>
        <pathelement location="${ECLIPSE_HOME}/plugins/org.eclipse.ocl_3.3.0.v20140120-1508.jar"/>
        <pathelement location="${ECLIPSE_HOME}/plugins/lpg.runtime.java_2.0.17.v201004271640.jar"/>
        <pathelement location="${ECLIPSE_HOME}/plugins/org.eclipse.ocl.common_1.1.0.v20130531-0544.jar"/>
        <pathelement location="${ECLIPSE_HOME}/plugins/org.eclipse.ocl.ecore_3.3.0.v20130520-1222.jar"/>
        <pathelement location="${ECLIPSE_HOME}/plugins/org.eclipse.acceleo.common_3.5.0.201406101309.jar"/>
        <pathelement location="${ECLIPSE_HOME}/plugins/org.eclipse.acceleo.model_3.5.0.201406101309.jar"/>
        <pathelement location="${ECLIPSE_HOME}/plugins/org.eclipse.acceleo.profiler_3.5.0.201406101309.jar"/>
        <pathelement location="${ECLIPSE_HOME}/plugins/org.eclipse.acceleo.engine_3.5.0.201406101309.jar"/>
        <pathelement location="${ECLIPSE_HOME}/plugins/org.eclipse.emf.codegen.ecore_2.10.2.v20141013-0308.jar"/>
        <pathelement location="${ECLIPSE_HOME}/plugins/org.eclipse.emf.codegen_2.10.0.v20141013-0308.jar"/>
        <pathelement location="${ECLIPSE_HOME}/plugins/com.google.guava_15.0.0.v201403281430.jar"/>
    </path>

    <path id="com.unitn.it.iqtool.generator.classpath">
        <path refid="com.unitn.it.iqtool.generator.libraryclasspath"/>
    </path>

    <!-- The classpath with only the jars available in the plugin folder of Eclipse -->
    <path id="com.unitn.it.iqtool.generator.libraryclasspath.alljars">
        <pathelement location="../com.unitn.it.iqtool.generator/bin"/>
        <fileset dir="${ECLIPSE_HOME}/plugins/" includes="*.jar"/>
    </path>

    <path id="com.unitn.it.iqtool.generator.classpath.alljars">
        <path refid="com.unitn.it.iqtool.generator.libraryclasspath.alljars"/>
    </path>

    <!-- The default task with the jars used by this project -->
    <target name="generate">
        <java classname="com.unitn.it.iqtool.generator.main.Generate" classpathref="com.unitn.it.iqtool.generator.classpath">
            <arg value="${model}"/>
            <arg value="${target}"/>
        </java>
    </target>

    <!--
        In case of problem you can also try with all the jar available in your Eclipse
        Keep in mind that having two versions of the same jar can create problems
    -->
    <target name="generate.alljars">
        <java classname="com.unitn.it.iqtool.generator.main.Generate" classpathref="com.unitn.it.iqtool.generator.classpath">
            <arg value="${model}"/>
            <arg value="${target}"/>
        </java>
    </target>
</project>
